db_type,data_type,n_vars,cores,bin,time
table,exome,1300,2,"(1000,1500]",12.049999999999999
file,exome,3850,8,"(3500,4000]",3.0380000000000003
table,exome,3550,1,"(3500,4000]",46.181
file,exome,2000,4,"(1500,2000]",1.8059999999999974
table,exome,100,16,"[0,500]",1.2069999999999936
file,exome,4400,1,"(4000,4500]",7.439999999999998
table,exome,3450,2,"(3000,3500]",26.763000000000005
file,genome,1000,16,"(500,1000]",11.725999999999999
file,exome,3800,8,"(3500,4000]",2.740000000000009
file,genome,50,2,"[0,500]",1.1289999999999907
file,exome,4850,1,"(4500,5000]",7.802000000000007
file,genome,4700,16,"(4500,5000]",52.319
file,genome,600,1,"(500,1000]",16.495000000000005
file,genome,3200,1,"(3000,3500]",80.40200000000002
file,genome,1050,1,"(1000,1500]",26.887
table,exome,1250,16,"(1000,1500]",6.447000000000003
file,exome,1450,1,"(1000,1500]",2.507000000000005
table,exome,3200,16,"(3000,3500]",14.293000000000006
file,exome,3250,4,"(3000,3500]",3.2180000000000177
file,genome,550,1,"(500,1000]",15.450999999999965
table,exome,3950,1,"(3500,4000]",49.71799999999996
table,exome,750,16,"(500,1000]",3.966000000000008
file,genome,2700,1,"(2500,3000]",70.69799999999998
file,genome,850,8,"(500,1000]",9.007999999999981
file,genome,3500,16,"(3000,3500]",36.81699999999995
file,exome,4150,2,"(4000,4500]",4.384999999999991
table,exome,1100,2,"(1000,1500]",9.317000000000007
file,exome,3300,4,"(3000,3500]",2.622000000000071
file,exome,3150,2,"(3000,3500]",3.7749999999999773
table,exome,4600,8,"(4500,5000]",20.645999999999958
file,genome,2000,1,"(1500,2000]",53.249000000000024
table,exome,4200,16,"(4000,4500]",19.826999999999998
table,exome,4750,8,"(4500,5000]",21.677999999999997
file,exome,700,4,"(500,1000]",0.8440000000000509
file,exome,4750,1,"(4500,5000]",7.717999999999961
file,genome,2500,4,"(2000,2500]",27.028999999999996
table,exome,1600,2,"(1500,2000]",13.089000000000055
table,exome,2100,16,"(2000,2500]",9.546999999999912
file,genome,4600,2,"(4500,5000]",67.88
table,exome,2650,4,"(2500,3000]",14.36099999999999
table,exome,1800,4,"(1500,2000]",9.764999999999986
file,genome,4400,1,"(4000,4500]",109.02200000000005
file,exome,3200,8,"(3000,3500]",2.1059999999999945
file,exome,4750,4,"(4500,5000]",3.7080000000000837
file,exome,3050,1,"(3000,3500]",5.397000000000048
table,exome,400,1,"[0,500]",6.721000000000004
file,exome,2550,4,"(2500,3000]",2.3350000000000364
file,genome,4300,8,"(4000,4500]",42.78800000000001
table,exome,1150,2,"(1000,1500]",10.377999999999929
file,exome,3650,2,"(3500,4000]",4.150999999999954
file,genome,3850,16,"(3500,4000]",39.190000000000055
table,exome,4350,2,"(4000,4500]",32.93299999999999
file,genome,600,2,"(500,1000]",9.021999999999935
file,exome,1950,4,"(1500,2000]",1.8120000000001255
file,genome,800,1,"(500,1000]",21.201000000000022
table,exome,4200,1,"(4000,4500]",53.896000000000186
file,exome,3550,4,"(3500,4000]",3.106999999999971
file,exome,3550,2,"(3500,4000]",4.303000000000111
file,genome,2900,1,"(2500,3000]",72.55400000000009
file,genome,1250,2,"(1000,1500]",18.166999999999916
file,exome,1500,1,"(1000,1500]",2.6679999999998927
file,genome,3000,4,"(2500,3000]",30.335000000000036
table,exome,2400,1,"(2000,2500]",33.04299999999989
file,exome,350,2,"[0,500]",0.7540000000001328
table,exome,800,1,"(500,1000]",11.704999999999927
file,genome,4000,1,"(3500,4000]",98.73399999999992
table,exome,4300,16,"(4000,4500]",19.414999999999964
table,exome,2300,4,"(2000,2500]",12.687999999999874
table,exome,4650,16,"(4500,5000]",20.454999999999927
file,exome,1700,16,"(1500,2000]",1.3009999999999309
table,exome,2250,4,"(2000,2500]",12.615000000000009
table,exome,2850,16,"(2500,3000]",13.028999999999996
table,exome,4650,4,"(4500,5000]",24.339999999999918
file,genome,50,1,"[0,500]",1.3480000000001837
table,exome,3850,16,"(3500,4000]",17.386999999999944
file,genome,200,2,"[0,500]",3.586999999999989
table,exome,300,8,"[0,500]",2.17899999999986
file,genome,1800,2,"(1500,2000]",26.432999999999993
file,genome,100,8,"[0,500]",1.4629999999999654
table,exome,1550,16,"(1500,2000]",7.201999999999998
table,exome,4700,2,"(4500,5000]",35.97199999999998
file,exome,3350,2,"(3000,3500]",4.732999999999947
file,exome,2600,1,"(2500,3000]",4.515999999999849
file,exome,200,4,"[0,500]",0.49099999999998545
file,exome,1200,8,"(1000,1500]",1.122000000000071
table,exome,1100,4,"(1000,1500]",6.777000000000044
file,exome,4000,2,"(3500,4000]",4.6720000000000255
file,exome,4450,4,"(4000,4500]",3.6399999999998727
table,exome,4700,16,"(4500,5000]",21.2349999999999
file,exome,3950,1,"(3500,4000]",6.412000000000035
file,exome,850,4,"(500,1000]",0.90300000000002
file,genome,2700,4,"(2500,3000]",27.391000000000076
file,genome,4500,8,"(4000,4500]",42.04099999999994
file,exome,250,2,"[0,500]",0.6829999999999927
table,exome,50,8,"[0,500]",1.1190000000001419
file,exome,500,4,"[0,500]",0.7369999999998527
file,exome,550,8,"(500,1000]",0.7440000000001419
file,exome,3600,16,"(3500,4000]",2.4020000000000437
table,exome,3750,4,"(3500,4000]",20.039999999999964
file,exome,3750,16,"(3500,4000]",2.418999999999869
file,genome,1550,4,"(1500,2000]",16.451999999999998
file,exome,3450,1,"(3000,3500]",5.694999999999936
file,genome,700,2,"(500,1000]",10.840000000000146
file,exome,700,1,"(500,1000]",1.143000000000029
file,exome,1650,8,"(1500,2000]",1.3669999999999618
file,exome,2300,8,"(2000,2500]",2.285000000000082
file,exome,2950,8,"(2500,3000]",2.211999999999989
file,genome,600,16,"(500,1000]",6.104000000000042
file,exome,1900,4,"(1500,2000]",2.0499999999999545
table,exome,4800,4,"(4500,5000]",25.264999999999873
file,exome,300,16,"[0,500]",0.6970000000001164
file,genome,2550,16,"(2500,3000]",25.91099999999983
table,exome,1750,8,"(1500,2000]",8.510999999999967
table,exome,3650,8,"(3500,4000]",16.84999999999991
table,exome,500,1,"[0,500]",8.391000000000076
file,exome,2100,2,"(2000,2500]",3.0139999999998963
file,genome,4300,1,"(4000,4500]",102.12400000000002
table,exome,3300,1,"(3000,3500]",43.605999999999995
table,exome,500,4,"[0,500]",3.48299999999972
file,genome,2950,1,"(2500,3000]",72.37199999999984
file,genome,850,16,"(500,1000]",8.222999999999956
table,exome,950,8,"(500,1000]",4.682999999999993
table,exome,2100,8,"(2000,2500]",9.759000000000015
file,exome,1050,1,"(1000,1500]",1.83199999999988
file,exome,900,16,"(500,1000]",1.013999999999669
table,exome,650,4,"(500,1000]",4.309999999999945
table,exome,2950,8,"(2500,3000]",13.846000000000004
file,genome,1900,1,"(1500,2000]",47.02500000000009
file,exome,2450,2,"(2000,2500]",3.1089999999999236
file,exome,1250,4,"(1000,1500]",1.3130000000001019
file,exome,2600,16,"(2500,3000]",1.7899999999999636
file,exome,700,2,"(500,1000]",1.2770000000000437
file,genome,4900,2,"(4500,5000]",67.96799999999985
file,exome,1650,1,"(1500,2000]",3.1700000000000728
file,genome,650,4,"(500,1000]",6.75
table,exome,500,16,"[0,500]",2.979000000000269
file,genome,1500,8,"(1000,1500]",13.085999999999785
file,genome,2500,16,"(2000,2500]",22.679000000000087
file,exome,1850,16,"(1500,2000]",1.3170000000000073
file,exome,2400,2,"(2000,2500]",3.1840000000001965
file,exome,2450,4,"(2000,2500]",1.9939999999996871
file,exome,3400,8,"(3000,3500]",2.5450000000000728
table,exome,1000,2,"(500,1000]",8.742999999999938
file,exome,3100,8,"(3000,3500]",2.781999999999698
file,genome,3550,16,"(3500,4000]",32.71100000000024
file,exome,1750,16,"(1500,2000]",1.3299999999999272
table,exome,4750,1,"(4500,5000]",60.001000000000204
file,genome,1200,4,"(1000,1500]",12.941000000000258
file,genome,4700,2,"(4500,5000]",64.94999999999982
table,exome,4300,2,"(4000,4500]",32.77800000000025
file,exome,1150,2,"(1000,1500]",1.6499999999996362
file,exome,1850,2,"(1500,2000]",2.4090000000001055
file,exome,2800,8,"(2500,3000]",2.048999999999978
file,exome,3900,16,"(3500,4000]",2.395999999999731
file,exome,2650,4,"(2500,3000]",2.218999999999596
file,genome,4350,1,"(4000,4500]",101.36700000000019
file,exome,5000,8,"(4500,5000]",3.161000000000058
file,genome,3200,2,"(3000,3500]",43.60099999999966
file,genome,3350,4,"(3000,3500]",29.617999999999938
file,genome,3500,4,"(3000,3500]",32.07600000000002
table,exome,2800,8,"(2500,3000]",13.12900000000036
file,exome,4250,16,"(4000,4500]",2.4039999999999964
file,exome,1100,16,"(1000,1500]",1.1579999999999018
file,genome,2050,2,"(2000,2500]",28.614000000000033
file,genome,4200,16,"(4000,4500]",36.51899999999978
table,exome,4800,8,"(4500,5000]",22.346000000000004
file,genome,4750,16,"(4500,5000]",41.23299999999972
file,genome,3350,8,"(3000,3500]",27.396000000000186
file,exome,1850,8,"(1500,2000]",1.5160000000000764
file,exome,3100,2,"(3000,3500]",3.536000000000058
table,exome,4450,4,"(4000,4500]",24.04599999999982
file,exome,750,4,"(500,1000]",0.9639999999999418
table,exome,1250,2,"(1000,1500]",11.483999999999924
file,genome,2550,2,"(2500,3000]",35.3779999999997
file,exome,2400,1,"(2000,2500]",3.8040000000000873
file,genome,50,4,"[0,500]",0.8640000000000327
table,exome,2450,8,"(2000,2500]",11.505999999999858
table,exome,900,4,"(500,1000]",5.664000000000215
file,genome,1850,2,"(1500,2000]",24.592000000000098
table,exome,2650,8,"(2500,3000]",12.172000000000025
table,exome,2000,4,"(1500,2000]",12.280999999999949
file,exome,2850,1,"(2500,3000]",4.632000000000062
file,genome,4900,1,"(4500,5000]",112.29300000000012
file,genome,3150,2,"(3000,3500]",40.527000000000044
table,exome,50,4,"[0,500]",0.8849999999997635
table,exome,2550,8,"(2500,3000]",11.861999999999625
file,genome,150,4,"[0,500]",1.6679999999996653
table,exome,2500,8,"(2000,2500]",11.649000000000342
file,exome,2200,8,"(2000,2500]",1.675000000000182
table,exome,3150,16,"(3000,3500]",14.331000000000131
file,genome,2350,4,"(2000,2500]",21.43199999999979
file,exome,3900,2,"(3500,4000]",4.420999999999822
file,genome,3650,1,"(3500,4000]",81.79300000000012
file,exome,4300,16,"(4000,4500]",2.438000000000102
file,exome,600,4,"(500,1000]",0.8989999999998872
table,exome,850,16,"(500,1000]",4.5949999999998
file,genome,4000,8,"(3500,4000]",32.84999999999991
file,exome,3950,8,"(3500,4000]",2.9909999999999854
table,exome,4350,1,"(4000,4500]",55.871000000000095
file,genome,4200,8,"(4000,4500]",36.253999999999905
file,genome,3050,4,"(3000,3500]",26.915999999999713
file,genome,850,4,"(500,1000]",7.735000000000127
file,exome,300,8,"[0,500]",0.5929999999998472
file,exome,4450,1,"(4000,4500]",8.762000000000171
file,exome,3050,16,"(3000,3500]",1.9490000000000691
file,exome,2950,1,"(2500,3000]",5.237999999999829
file,exome,1050,4,"(1000,1500]",0.9479999999998654
file,exome,3800,4,"(3500,4000]",3.4209999999998217
file,exome,1650,2,"(1500,2000]",2.0280000000002474
file,exome,800,4,"(500,1000]",0.8599999999996726
file,genome,4850,1,"(4500,5000]",105.96099999999979
file,exome,2300,4,"(2000,2500]",2.0820000000003347
file,exome,550,1,"(500,1000]",0.9590000000002874
file,genome,2400,1,"(2000,2500]",53.13099999999986
file,genome,1450,16,"(1000,1500]",12.072999999999865
file,exome,1550,1,"(1500,2000]",2.7369999999996253
file,genome,3050,2,"(3000,3500]",39.52099999999973
table,exome,150,2,"[0,500]",2.18100000000004
file,exome,4700,1,"(4500,5000]",8.293999999999869
table,exome,50,2,"[0,500]",0.7789999999999964
file,exome,4500,2,"(4000,4500]",6.006000000000313
file,genome,50,16,"[0,500]",1.1759999999999309
file,exome,650,8,"(500,1000]",0.8859999999999673
file,genome,1300,16,"(1000,1500]",11.070999999999913
table,exome,3250,4,"(3000,3500]",17.389000000000124
file,genome,1050,4,"(1000,1500]",9.827999999999975
table,exome,800,16,"(500,1000]",4.362999999999829
table,exome,4650,1,"(4500,5000]",59.54300000000012
file,exome,4700,4,"(4500,5000]",4.292999999999665
table,exome,3750,16,"(3500,4000]",16.937999999999647
file,exome,850,1,"(500,1000]",1.73700000000008
table,exome,3000,4,"(2500,3000]",16.810999999999694
file,exome,5000,4,"(4500,5000]",5.188000000000102
table,exome,4450,1,"(4000,4500]",57.180999999999585
file,exome,550,16,"(500,1000]",0.9089999999996508
table,exome,4950,8,"(4500,5000]",23.20699999999988
file,exome,3000,8,"(2500,3000]",2.543000000000575
file,genome,3850,8,"(3500,4000]",32.96299999999974
file,genome,2900,16,"(2500,3000]",23.853000000000065
file,exome,4050,4,"(4000,4500]",3.7609999999995125
file,genome,3150,1,"(3000,3500]",69.25300000000061
file,genome,800,8,"(500,1000]",6.692000000000007
table,exome,50,1,"[0,500]",1.3260000000000218
file,genome,350,8,"[0,500]",3.0979999999999563
file,genome,700,16,"(500,1000]",6.210000000000036
table,exome,2050,1,"(2000,2500]",29.688000000000102
file,exome,1900,16,"(1500,2000]",1.5999999999994543
file,genome,700,8,"(500,1000]",6.587999999999738
table,exome,2450,4,"(2000,2500]",13.858000000000175
table,exome,4700,8,"(4500,5000]",21.451999999999316
table,exome,1350,1,"(1000,1500]",20.641999999999825
file,genome,2450,1,"(2000,2500]",55.8130000000001
table,exome,350,8,"[0,500]",2.1810000000004948
table,exome,2100,2,"(2000,2500]",17.58900000000085
file,genome,1850,1,"(1500,2000]",41.95499999999993
file,exome,1750,1,"(1500,2000]",3.357999999999265
table,exome,4400,1,"(4000,4500]",56.732999999999265
file,genome,450,2,"[0,500]",6.41399999999976
table,exome,3450,8,"(3000,3500]",16.032999999999447
table,exome,4050,2,"(4000,4500]",32.0570000000007
table,exome,1000,1,"(500,1000]",16.20800000000054
table,exome,700,4,"(500,1000]",4.38799999999992
file,genome,2250,1,"(2000,2500]",50.44799999999941
table,exome,550,4,"(500,1000]",3.8779999999997017
file,exome,3500,2,"(3000,3500]",4.789999999999964
file,genome,1400,16,"(1000,1500]",12.282999999999447
table,exome,300,4,"[0,500]",2.274000000000342
table,exome,650,1,"(500,1000]",10.444000000000415
file,exome,1700,2,"(1500,2000]",2.600000000000364
file,genome,1100,16,"(1000,1500]",10.38000000000011
file,exome,2500,16,"(2000,2500]",1.6350000000002183
file,exome,2800,4,"(2500,3000]",2.6270000000004075
table,exome,1300,4,"(1000,1500]",7.761000000000422
file,genome,4950,1,"(4500,5000]",108.54699999999957
table,exome,3700,8,"(3500,4000]",16.684000000000196
file,genome,2000,2,"(1500,2000]",24.829999999999927
table,exome,2900,16,"(2500,3000]",13.22900000000027
file,genome,400,4,"[0,500]",4.097999999999956
file,exome,2950,16,"(2500,3000]",1.9149999999999636
table,exome,2200,16,"(2000,2500]",10.17199999999957
file,genome,2200,4,"(2000,2500]",19.29200000000037
file,genome,3800,8,"(3500,4000]",29.712999999999738
table,exome,4800,1,"(4500,5000]",60.23199999999997
file,genome,4900,8,"(4500,5000]",40.32600000000002
file,exome,1950,8,"(1500,2000]",1.6350000000002183
file,genome,1650,1,"(1500,2000]",36.24299999999948
file,exome,750,8,"(500,1000]",0.9580000000005384
table,exome,2250,8,"(2000,2500]",10.834000000000742
file,exome,2950,4,"(2500,3000]",2.9859999999998763
table,exome,2300,1,"(2000,2500]",33.11399999999958
file,exome,3300,2,"(3000,3500]",4.72899999999936
table,exome,450,4,"[0,500]",3.1779999999998836
file,exome,4700,8,"(4500,5000]",3.8099999999994907
file,exome,2500,8,"(2000,2500]",2.0039999999999054
file,exome,1600,8,"(1500,2000]",1.5330000000003565
file,exome,4650,4,"(4500,5000]",4.014000000000124
table,exome,4100,2,"(4000,4500]",30.855999999999767
file,exome,4500,8,"(4000,4500]",3.21100000000024
table,exome,400,4,"[0,500]",3.287999999999556
table,exome,3950,8,"(3500,4000]",17.6899999999996
file,exome,1350,2,"(1000,1500]",2.09900000000016
file,genome,2850,2,"(2500,3000]",37.902000000000044
table,exome,2450,2,"(2000,2500]",20.670000000000073
file,genome,750,8,"(500,1000]",6.551000000000386
file,genome,1200,16,"(1000,1500]",10.546000000000276
table,exome,4450,16,"(4000,4500]",19.826000000000022
table,exome,4500,1,"(4000,4500]",60.113000000000284
file,exome,2000,1,"(1500,2000]",4.3969999999999345
table,exome,3800,2,"(3500,4000]",29.682999999999993
file,genome,2650,8,"(2500,3000]",23.74199999999928
table,exome,1400,8,"(1000,1500]",6.893000000000029
table,exome,950,16,"(500,1000]",4.904999999999745
table,exome,3450,4,"(3000,3500]",18.349999999999454
file,genome,3750,4,"(3500,4000]",32.88200000000052
table,exome,3900,8,"(3500,4000]",18.26800000000003
file,genome,3050,8,"(3000,3500]",24.003999999999905
table,exome,3350,2,"(3000,3500]",27.190999999999804
table,exome,3000,8,"(2500,3000]",13.896999999999935
file,genome,4250,8,"(4000,4500]",35.511999999999716
table,exome,4850,16,"(4500,5000]",22.007000000000517
table,exome,300,2,"[0,500]",3.5739999999996144
file,genome,1700,1,"(1500,2000]",35.61400000000049
file,exome,1250,2,"(1000,1500]",2.0909999999994398
file,genome,4050,8,"(4000,4500]",32.93299999999999
file,genome,1350,16,"(1000,1500]",11.014000000000124
table,exome,750,1,"(500,1000]",12.593000000000757
file,genome,4800,1,"(4500,5000]",101.11999999999989
table,exome,1650,1,"(1500,2000]",24.036999999999352
file,genome,2150,2,"(2000,2500]",28.21100000000024
file,genome,4450,1,"(4000,4500]",93.00400000000081
file,exome,2750,16,"(2500,3000]",1.8369999999995343
table,exome,3750,8,"(3500,4000]",17.912999999999556
file,exome,650,1,"(500,1000]",1.5159999999996217
file,genome,1850,16,"(1500,2000]",14.127000000000407
file,genome,3150,4,"(3000,3500]",26.102999999999156
file,exome,1900,1,"(1500,2000]",4.733000000000175
file,exome,4800,2,"(4500,5000]",6.92200000000048
table,exome,3800,8,"(3500,4000]",17.76599999999962
file,exome,100,2,"[0,500]",0.4420000000000073
file,exome,600,1,"(500,1000]",1.1810000000004948
file,genome,2700,16,"(2500,3000]",22.822000000000116
file,exome,1350,4,"(1000,1500]",1.7899999999999636
file,exome,200,1,"[0,500]",0.38099999999940337
table,exome,2500,1,"(2000,2500]",35.14000000000033
file,exome,3900,1,"(3500,4000]",9.03400000000056
table,exome,100,1,"[0,500]",2.2929999999996653
table,exome,1850,8,"(1500,2000]",8.707999999999629
file,genome,3250,4,"(3000,3500]",27.814000000000306
file,genome,400,2,"[0,500]",5.417999999999665
file,genome,1250,16,"(1000,1500]",10.35400000000027
table,exome,4350,4,"(4000,4500]",23.014000000000124
file,genome,3000,8,"(2500,3000]",24.64599999999973
file,exome,4350,4,"(4000,4500]",3.699999999999818
file,genome,1300,8,"(1000,1500]",10.279000000000451
table,exome,600,8,"(500,1000]",3.5460000000002765
table,exome,3500,8,"(3000,3500]",16.149000000000342
table,exome,3500,4,"(3000,3500]",18.975999999999658
file,exome,1800,2,"(1500,2000]",3.188999999999396
file,genome,1900,4,"(1500,2000]",16.414999999999964
table,exome,3650,2,"(3500,4000]",28.855999999999767
file,genome,3500,1,"(3000,3500]",73.42599999999948
file,genome,1150,4,"(1000,1500]",9.774999999999636
file,exome,3700,1,"(3500,4000]",8.692000000000007
table,exome,2350,4,"(2000,2500]",13.761000000000422
file,exome,4400,4,"(4000,4500]",4.692000000000007
file,exome,2900,4,"(2500,3000]",2.645999999999731
file,genome,3550,4,"(3500,4000]",29.725999999999658
table,exome,3550,16,"(3500,4000]",16.295999999999367
file,exome,3450,16,"(3000,3500]",2.1589999999996508
file,exome,1550,4,"(1500,2000]",1.683999999999287
file,genome,4550,2,"(4500,5000]",54.15700000000015
table,exome,2750,16,"(2500,3000]",12.688000000000102
file,genome,1950,8,"(1500,2000]",15.3100000000004
file,genome,2700,2,"(2500,3000]",32.8809999999994
file,exome,2050,8,"(2000,2500]",1.6739999999999782
file,genome,3650,4,"(3500,4000]",30.066000000000713
file,genome,4000,4,"(3500,4000]",33.22900000000027
file,exome,3500,4,"(3000,3500]",3.02599999999984
file,genome,1950,4,"(1500,2000]",16.266999999999825
file,exome,4800,8,"(4500,5000]",3.4840000000003783
file,genome,3900,4,"(3500,4000]",32.31500000000051
file,genome,4350,16,"(4000,4500]",34.13800000000083
table,exome,4500,16,"(4000,4500]",21.077000000000226
file,exome,3550,16,"(3500,4000]",2.131999999999607
table,exome,1550,4,"(1500,2000]",9.230000000000473
file,genome,2400,4,"(2000,2500]",20.363999999999578
table,exome,2100,4,"(2000,2500]",11.791000000000167
table,exome,2000,8,"(1500,2000]",9.310999999999694
file,exome,4900,1,"(4500,5000]",10.8799999999992
file,exome,450,1,"[0,500]",0.875
table,exome,1400,1,"(1000,1500]",21.863999999999578
file,genome,1750,16,"(1500,2000]",14.394999999999527
table,exome,300,16,"[0,500]",2.100000000000364
file,genome,4600,4,"(4500,5000]",37.335000000000036
file,exome,4500,16,"(4000,4500]",2.5670000000000073
file,genome,800,4,"(500,1000]",6.681999999999789
file,genome,2900,4,"(2500,3000]",23.54700000000048
table,exome,4550,2,"(4500,5000]",35.465000000000146
file,genome,3000,2,"(2500,3000]",37.03300000000036
file,genome,3200,8,"(3000,3500]",24.413000000000466
table,exome,3200,4,"(3000,3500]",17.47400000000016
file,exome,4750,8,"(4500,5000]",3.506999999999607
file,exome,2300,2,"(2000,2500]",3.4049999999997453
file,exome,1950,16,"(1500,2000]",1.6079999999992651
file,exome,4250,8,"(4000,4500]",3.3029999999998836
file,exome,4000,8,"(3500,4000]",2.868000000000393
file,genome,4900,4,"(4500,5000]",39.51299999999992
file,genome,3700,8,"(3500,4000]",27.283000000000357
file,genome,550,8,"(500,1000]",4.454999999999927
table,exome,400,2,"[0,500]",4.618999999999687
table,exome,3400,16,"(3000,3500]",15.882000000000517
file,exome,4800,16,"(4500,5000]",4.125
file,exome,3300,8,"(3000,3500]",2.3890000000001237
file,genome,1500,4,"(1000,1500]",12.654000000000451
file,genome,4800,8,"(4500,5000]",35.11499999999978
table,exome,950,2,"(500,1000]",8.936000000000604
file,exome,50,8,"[0,500]",0.5100000000002183
file,exome,2000,2,"(1500,2000]",2.92699999999968
table,exome,800,2,"(500,1000]",7.6710000000002765
file,genome,3750,1,"(3500,4000]",75.13500000000022
file,genome,4350,2,"(4000,4500]",50.47599999999966
table,exome,1300,8,"(1000,1500]",6.3159999999998035
table,exome,4400,2,"(4000,4500]",33.69499999999971
table,exome,600,2,"(500,1000]",6.155999999999949
table,exome,1000,4,"(500,1000]",5.917000000000371
table,exome,1900,16,"(1500,2000]",8.790999999999258
file,genome,4150,16,"(4000,4500]",31.067000000000007
file,exome,3700,16,"(3500,4000]",2.2299999999995634
file,exome,4300,4,"(4000,4500]",3.881000000000313
table,exome,3300,2,"(3000,3500]",27.05999999999949
file,genome,1850,8,"(1500,2000]",14.842000000000553
file,exome,3750,1,"(3500,4000]",8.469000000000051
file,exome,2750,8,"(2500,3000]",2.0200000000004366
file,exome,250,4,"[0,500]",0.47699999999986176
file,genome,950,1,"(500,1000]",20.35400000000027
table,exome,1950,2,"(1500,2000]",16.596999999999753
file,genome,650,2,"(500,1000]",8.340000000000146
file,genome,2300,8,"(2000,2500]",19.320999999999913
file,genome,4100,2,"(4000,4500]",47.766999999999825
file,exome,2800,2,"(2500,3000]",3.856999999999971
table,exome,3200,1,"(3000,3500]",43.57800000000043
table,exome,1950,8,"(1500,2000]",9.335000000000036
table,exome,3900,4,"(3500,4000]",20.766999999999825
table,exome,3550,4,"(3500,4000]",19.34900000000016
table,exome,4250,8,"(4000,4500]",19.45799999999963
file,exome,300,4,"[0,500]",0.6159999999999854
table,exome,900,8,"(500,1000]",4.8149999999996
table,exome,1000,8,"(500,1000]",4.894999999999527
table,exome,400,16,"[0,500]",2.514999999999418
file,exome,3150,16,"(3000,3500]",2.311999999999898
table,exome,2450,1,"(2000,2500]",34.40300000000025
table,exome,250,8,"[0,500]",1.9110000000000582
table,exome,2500,2,"(2000,2500]",20.837000000000444
file,exome,950,8,"(500,1000]",1.0340000000005602
table,exome,1050,2,"(1000,1500]",9.86999999999989
file,exome,2450,1,"(2000,2500]",5.855000000000473
file,genome,1600,1,"(1500,2000]",35.54199999999946
table,exome,4700,4,"(4500,5000]",24.81800000000021
file,exome,3950,4,"(3500,4000]",3.6970000000001164
table,exome,3400,2,"(3000,3500]",27.67200000000048
file,exome,4950,8,"(4500,5000]",3.7770000000000437
file,genome,2750,4,"(2500,3000]",22.521999999999935
file,exome,2800,16,"(2500,3000]",1.9049999999997453
file,genome,3050,16,"(3000,3500]",22.967999999999847
table,exome,3850,2,"(3500,4000]",31.06800000000021
table,exome,150,4,"[0,500]",1.6769999999996799
file,exome,950,16,"(500,1000]",1.1419999999998254
file,exome,1750,4,"(1500,2000]",1.8279999999995198
file,exome,400,1,"[0,500]",0.8219999999992069
file,genome,4750,8,"(4500,5000]",36.465000000000146
file,genome,1100,1,"(1000,1500]",23.0600000000004
file,exome,2050,4,"(2000,2500]",1.9609999999993306
table,exome,2550,4,"(2500,3000]",14.514000000000124
file,genome,1900,8,"(1500,2000]",14.511999999999716
table,exome,2800,4,"(2500,3000]",15.256999999999607
file,genome,4450,4,"(4000,4500]",34.33899999999994
file,genome,1250,1,"(1000,1500]",23.27100000000064
file,genome,1600,4,"(1500,2000]",12.24200000000019
file,genome,5000,16,"(4500,5000]",37.84100000000035
table,exome,450,8,"[0,500]",2.8699999999989814
file,genome,3900,1,"(3500,4000]",75.9940000000006
table,exome,3450,16,"(3000,3500]",15.365999999999985
file,exome,600,16,"(500,1000]",0.9650000000001455
file,exome,4000,4,"(3500,4000]",3.581000000000131
file,exome,2350,2,"(2000,2500]",3.205999999998312
file,genome,1700,4,"(1500,2000]",14.03899999999885
file,genome,2350,2,"(2000,2500]",26.629000000000815
file,exome,4150,1,"(4000,4500]",8.772000000000844
table,exome,1050,16,"(1000,1500]",5.374000000001615
table,exome,4450,8,"(4000,4500]",20.170999999998457
table,exome,1900,4,"(1500,2000]",10.996999999999389
table,exome,2600,2,"(2500,3000]",21.945999999999913
file,genome,2300,4,"(2000,2500]",19.546000000000276
file,exome,3650,8,"(3500,4000]",2.371000000001004
file,exome,4550,8,"(4500,5000]",3.3140000000003056
file,exome,3350,8,"(3000,3500]",2.4290000000000873
table,exome,4950,1,"(4500,5000]",61.89400000000023
file,genome,650,1,"(500,1000]",12.894000000000233
file,genome,2000,16,"(1500,2000]",15.286000000000058
table,exome,3400,1,"(3000,3500]",45.867999999998574
file,genome,750,2,"(500,1000]",9.579999999999927
table,exome,4300,4,"(4000,4500]",23.307999999999083
file,genome,1100,2,"(1000,1500]",13.78399999999965
file,exome,4700,16,"(4500,5000]",2.875
file,genome,1150,1,"(1000,1500]",23.48400000000038
table,exome,1750,1,"(1500,2000]",24.71899999999914
table,exome,3000,2,"(2500,3000]",24.029999999998836
file,genome,2150,16,"(2000,2500]",16.566999999999098
file,exome,1850,1,"(1500,2000]",3.480999999999767
file,genome,550,2,"(500,1000]",6.793000000001484
table,exome,2050,16,"(2000,2500]",9.522999999999229
file,exome,1350,16,"(1000,1500]",1.3349999999991269
table,exome,3100,8,"(3000,3500]",14.236000000000786
table,exome,1950,16,"(1500,2000]",9.34900000000016
file,exome,2400,8,"(2000,2500]",2.0380000000004657
file,exome,800,8,"(500,1000]",0.922999999998865
table,exome,900,2,"(500,1000]",9.386999999998807
file,exome,1400,16,"(1000,1500]",1.4799999999995634
file,genome,550,16,"(500,1000]",4.985000000000582
table,exome,3750,2,"(3500,4000]",30.195999999999913
file,exome,4050,8,"(4000,4500]",3.6199999999989814
file,exome,1250,16,"(1000,1500]",1.2139999999999418
file,genome,1450,1,"(1000,1500]",30.161000000000058
table,exome,2600,1,"(2500,3000]",36.197000000000116
file,genome,4000,2,"(3500,4000]",48.11999999999898
table,exome,2100,1,"(2000,2500]",30.543000000001484
file,exome,3800,16,"(3500,4000]",2.253000000000611
file,genome,1700,16,"(1500,2000]",12.924999999999272
file,exome,4950,4,"(4500,5000]",4.5020000000004075
file,genome,3450,4,"(3000,3500]",27.77400000000125
table,exome,2550,16,"(2500,3000]",11.717000000000553
file,exome,1000,4,"(500,1000]",1.2359999999989668
file,genome,1950,16,"(1500,2000]",14.909999999999854
file,genome,1600,2,"(1500,2000]",17.774999999999636
table,exome,4500,4,"(4000,4500]",24.17699999999968
file,exome,350,1,"[0,500]",0.5910000000003492
table,exome,3350,16,"(3000,3500]",15.320999999999913
file,exome,350,8,"[0,500]",0.6570000000010623
file,exome,3850,4,"(3500,4000]",3.584999999999127
table,exome,2350,8,"(2000,2500]",11.045000000000073
file,exome,4200,16,"(4000,4500]",3.355999999999767
file,exome,4350,2,"(4000,4500]",4.939000000000306
file,genome,100,1,"[0,500]",2.8989999999994325
table,exome,4600,1,"(4500,5000]",59.02000000000044
table,exome,4800,2,"(4500,5000]",37.35900000000038
table,exome,3950,16,"(3500,4000]",17.804000000000087
file,exome,1300,16,"(1000,1500]",1.2289999999993597
file,exome,250,1,"[0,500]",0.36299999999937427
file,genome,450,16,"[0,500]",4.486000000000786
table,exome,2000,2,"(1500,2000]",17.348000000001775
file,genome,2150,1,"(2000,2500]",42.027000000000044
file,genome,2550,8,"(2500,3000]",18.73199999999997
file,exome,1400,4,"(1000,1500]",1.5090000000000146
file,genome,4450,8,"(4000,4500]",32.12700000000041
file,genome,1200,8,"(1000,1500]",8.719999999999345
file,exome,3250,2,"(3000,3500]",3.915000000000873
file,exome,600,8,"(500,1000]",0.8509999999987485
table,exome,2400,16,"(2000,2500]",11.416000000001077
file,genome,4050,1,"(4000,4500]",79.57699999999932
file,exome,4850,4,"(4500,5000]",3.9470000000001164
table,exome,4900,8,"(4500,5000]",23.064000000000306
file,exome,4600,2,"(4500,5000]",5.222999999999956
file,genome,2100,4,"(2000,2500]",16.631999999999607
table,exome,4100,4,"(4000,4500]",22.372999999999593
file,exome,5000,2,"(4500,5000]",6.411000000000058
file,exome,4850,8,"(4500,5000]",3.3410000000003492
file,exome,4000,1,"(3500,4000]",7.890999999999622
file,genome,2600,8,"(2500,3000]",19.051000000001295
file,genome,3850,1,"(3500,4000]",73.8090000000011
file,exome,3200,2,"(3000,3500]",3.7409999999999854
table,exome,700,8,"(500,1000]",3.8760000000002037
table,exome,2800,1,"(2500,3000]",39.36499999999978
table,exome,3250,8,"(3000,3500]",14.906000000000859
file,genome,4550,4,"(4500,5000]",35.23099999999977
file,genome,3600,2,"(3500,4000]",38.41200000000026
file,exome,5000,16,"(4500,5000]",2.8319999999985157
file,genome,4950,16,"(4500,5000]",34.96700000000055
file,exome,2300,1,"(2000,2500]",4.006999999999607
file,exome,150,4,"[0,500]",0.45900000000074215
table,exome,2750,8,"(2500,3000]",13.01300000000083
table,exome,4400,8,"(4000,4500]",20.53099999999904
file,genome,3450,8,"(3000,3500]",24.063000000000102
file,exome,3750,4,"(3500,4000]",3.0929999999989377
table,exome,700,2,"(500,1000]",7.045000000000073
file,exome,1350,8,"(1000,1500]",1.2290000000011787
file,genome,200,8,"[0,500]",1.9459999999999127
file,genome,500,8,"[0,500]",3.837999999999738
file,genome,3400,8,"(3000,3500]",24.711999999999534
file,genome,2000,4,"(1500,2000]",15.090000000000146
file,exome,2650,8,"(2500,3000]",1.9279999999998836
file,genome,2650,2,"(2500,3000]",29.652000000000044
table,exome,3050,8,"(3000,3500]",14.17699999999968
file,genome,850,1,"(500,1000]",17.56800000000112
file,genome,2100,1,"(2000,2500]",40.67200000000048
table,exome,2950,1,"(2500,3000]",41.623999999999796
file,exome,2000,8,"(1500,2000]",1.6199999999989814
file,genome,2750,2,"(2500,3000]",31.968000000000757
file,exome,3350,16,"(3000,3500]",2.199000000000524
file,exome,50,2,"[0,500]",0.28700000000026193
table,exome,750,8,"(500,1000]",4.113999999999578
file,exome,700,8,"(500,1000]",0.9009999999998399
file,exome,4100,2,"(4000,4500]",5.611000000000786
file,genome,4600,1,"(4500,5000]",86.2609999999986
file,genome,2450,8,"(2000,2500]",17.290999999999258
file,exome,400,16,"[0,500]",0.9030000000002474
table,exome,600,16,"(500,1000]",3.32799999999952
file,exome,2200,2,"(2000,2500]",2.7439999999987776
file,genome,850,2,"(500,1000]",9.524999999999636
file,exome,2250,16,"(2000,2500]",1.720999999999549
table,exome,1750,2,"(1500,2000]",15.527000000000044
file,exome,2350,4,"(2000,2500]",2.2839999999996508
file,genome,4250,2,"(4000,4500]",46.54700000000048
file,genome,3650,2,"(3500,4000]",38.638999999999214
table,exome,3800,16,"(3500,4000]",17.153999999998632
file,exome,1200,2,"(1000,1500]",1.658000000001266
table,exome,4350,8,"(4000,4500]",20.096999999999753
file,genome,500,16,"[0,500]",3.952000000001135
file,genome,500,4,"[0,500]",4.143999999998414
table,exome,3150,8,"(3000,3500]",14.729000000001179
file,exome,1700,8,"(1500,2000]",1.532999999999447
file,exome,100,4,"[0,500]",0.30600000000049477
file,exome,1800,8,"(1500,2000]",1.6309999999994034
file,exome,3800,2,"(3500,4000]",5.04700000000048
file,genome,350,1,"[0,500]",7.226999999998952
table,exome,4350,16,"(4000,4500]",19.943999999999505
file,genome,950,8,"(500,1000]",6.662000000000262
table,exome,400,8,"[0,500]",2.7219999999997526
table,exome,200,8,"[0,500]",1.481999999999971
table,exome,1650,2,"(1500,2000]",14.898000000001048
table,exome,1000,16,"(500,1000]",5.128000000000611
file,exome,1900,8,"(1500,2000]",1.602999999999156
table,exome,4300,1,"(4000,4500]",56.41900000000169
table,exome,2950,16,"(2500,3000]",13.625
file,exome,2550,16,"(2500,3000]",1.7219999999997526
table,exome,2550,2,"(2500,3000]",21.691000000000713
file,genome,4650,16,"(4500,5000]",34.232999999998356
file,genome,4050,2,"(4000,4500]",43.79500000000007
file,exome,2350,16,"(2000,2500]",1.7299999999995634
table,exome,1450,2,"(1000,1500]",13.006999999999607
table,exome,4800,16,"(4500,5000]",21.302999999999884
file,exome,3000,1,"(2500,3000]",5.649999999999636
file,exome,500,1,"[0,500]",0.7519999999985885
file,exome,4950,16,"(4500,5000]",3.0820000000003347
table,exome,1550,8,"(1500,2000]",8.083000000000538
table,exome,2450,16,"(2000,2500]",11.037000000000262
file,genome,800,16,"(500,1000]",6.445999999999913
file,exome,4100,1,"(4000,4500]",7.308000000000902
file,genome,2900,2,"(2500,3000]",31.67199999999866
file,exome,2700,2,"(2500,3000]",2.8479999999999563
file,genome,3100,8,"(3000,3500]",21.59399999999914
table,exome,4550,8,"(4500,5000]",20.64799999999923
table,exome,3850,1,"(3500,4000]",50.681000000000495
table,exome,450,1,"[0,500]",8.930000000000291
table,exome,4100,16,"(4000,4500]",18.407000000001062
file,genome,250,2,"[0,500]",3.2449999999989814
file,exome,1400,8,"(1000,1500]",1.2139999999999418
file,genome,5000,2,"(4500,5000]",55.9330000000009
file,exome,1800,1,"(1500,2000]",2.904999999998836
table,exome,4000,4,"(3500,4000]",22.09900000000016
file,genome,1100,8,"(1000,1500]",8.031000000000859
file,exome,1300,1,"(1000,1500]",2.0390000000006694
file,exome,5000,1,"(4500,5000]",8.541999999999462
file,exome,4800,1,"(4500,5000]",7.527000000000044
file,exome,1000,16,"(500,1000]",1.235000000000582
table,exome,3600,16,"(3500,4000]",16.686000000001513
table,exome,2150,8,"(2000,2500]",10.41700000000128
file,genome,2450,16,"(2000,2500]",16.847999999999956
table,exome,4650,8,"(4500,5000]",21.175999999999476
file,genome,2150,8,"(2000,2500]",14.838999999999942
table,exome,4050,8,"(4000,4500]",18.736000000000786
table,exome,4600,2,"(4500,5000]",36.18399999999929
file,genome,2100,2,"(2000,2500]",24.09100000000035
file,exome,50,1,"[0,500]",0.07899999999972351
file,genome,2600,4,"(2500,3000]",19.916000000001077
file,exome,1400,2,"(1000,1500]",2.081000000000131
file,exome,2500,4,"(2000,2500]",2.0759999999991123
file,exome,4250,1,"(4000,4500]",7.040000000000873
file,exome,900,8,"(500,1000]",0.9120000000002619
file,exome,900,4,"(500,1000]",0.941000000000713
file,exome,3050,2,"(3000,3500]",3.7889999999988504
file,genome,4200,4,"(4000,4500]",29.795000000000073
table,exome,50,16,"[0,500]",1.3220000000001164
file,exome,300,1,"[0,500]",0.6130000000011933
file,exome,1000,2,"(500,1000]",1.680000000000291
file,genome,1800,16,"(1500,2000]",12.156999999999243
file,exome,4500,4,"(4000,4500]",3.600000000000364
file,genome,1900,2,"(1500,2000]",20.915000000000873
table,exome,200,16,"[0,500]",1.598999999998341
table,exome,3400,4,"(3000,3500]",18.515000000001237
table,exome,700,16,"(500,1000]",4.09400000000096
file,exome,4750,2,"(4500,5000]",5.875
file,genome,2250,2,"(2000,2500]",24.61700000000019
file,genome,600,4,"(500,1000]",4.625
file,genome,1300,1,"(1000,1500]",23.913000000000466
table,exome,3700,2,"(3500,4000]",29.790000000000873
table,exome,2850,8,"(2500,3000]",13.529999999998836
file,genome,2600,16,"(2500,3000]",18.690999999998894
file,genome,3650,8,"(3500,4000]",24.19300000000112
file,exome,2550,2,"(2500,3000]",2.8109999999996944
file,exome,1600,2,"(1500,2000]",2.061999999999898
file,exome,400,4,"[0,500]",0.6020000000007713
file,exome,3050,4,"(3000,3500]",2.7629999999990105
file,exome,3450,8,"(3000,3500]",2.5649999999986903
table,exome,4600,4,"(4500,5000]",24.35699999999997
table,exome,1850,1,"(1500,2000]",29.31499999999869
table,exome,4000,8,"(3500,4000]",18.25300000000061
file,genome,2700,8,"(2500,3000]",18.368000000000393
file,genome,2350,1,"(2000,2500]",41.61499999999978
file,exome,3100,4,"(3000,3500]",2.618000000000393
table,exome,3700,1,"(3500,4000]",49.72099999999955
file,exome,1500,8,"(1000,1500]",1.2189999999991414
file,genome,3700,2,"(3500,4000]",40.02299999999923
file,genome,450,8,"[0,500]",4.334000000000742
table,exome,1550,2,"(1500,2000]",15.287000000000262
table,exome,3600,8,"(3500,4000]",16.773999999999432
file,genome,3750,2,"(3500,4000]",40.875
file,exome,2200,16,"(2000,2500]",1.5470000000004802
file,exome,4550,2,"(4500,5000]",4.973999999998341
file,exome,2600,2,"(2500,3000]",3.2549999999991996
file,exome,2100,4,"(2000,2500]",1.761000000000422
file,genome,2500,8,"(2000,2500]",17.195000000001528
file,exome,3450,2,"(3000,3500]",3.7959999999984575
file,genome,2050,8,"(2000,2500]",14.57799999999952
file,exome,1300,2,"(1000,1500]",1.923000000000684
file,genome,200,1,"[0,500]",4.255999999999403
table,exome,1900,8,"(1500,2000]",9.57799999999952
table,exome,4050,4,"(4000,4500]",23.197000000000116
table,exome,350,16,"[0,500]",2.6489999999994325
file,genome,200,4,"[0,500]",1.9590000000007421
file,exome,550,2,"(500,1000]",0.9969999999993888
file,exome,2450,8,"(2000,2500]",1.8060000000004948
file,exome,4100,16,"(4000,4500]",2.8150000000005093
table,exome,4150,8,"(4000,4500]",19.35900000000038
file,exome,1800,4,"(1500,2000]",1.5950000000011642
table,exome,3400,8,"(3000,3500]",15.90899999999965
table,exome,2700,16,"(2500,3000]",12.540000000000873
table,exome,650,2,"(500,1000]",6.2409999999999854
file,exome,1300,4,"(1000,1500]",1.4470000000001164
table,exome,3250,2,"(3000,3500]",26.435999999999694
file,exome,750,1,"(500,1000]",1.243000000000393
file,exome,2450,16,"(2000,2500]",1.819999999999709
file,exome,4450,16,"(4000,4500]",2.6820000000006985
file,genome,3900,2,"(3500,4000]",43.465000000000146
table,exome,1850,16,"(1500,2000]",8.674999999999272
file,genome,4350,4,"(4000,4500]",32.28099999999904
file,exome,2750,4,"(2500,3000]",2.265000000001237
table,exome,1850,2,"(1500,2000]",16.488999999999578
file,exome,4800,4,"(4500,5000]",3.9659999999985303
file,genome,1350,8,"(1000,1500]",9.826000000000931
table,exome,4000,2,"(3500,4000]",31.952000000001135
table,exome,1250,8,"(1000,1500]",6.369999999998981
file,exome,400,8,"[0,500]",0.7159999999985303
file,exome,3700,2,"(3500,4000]",4.795000000000073
file,exome,4400,8,"(4000,4500]",2.712999999999738
table,exome,850,1,"(500,1000]",13.05699999999888
file,exome,2700,4,"(2500,3000]",2.286000000000058
table,exome,3950,4,"(3500,4000]",21.320999999999913
file,genome,100,2,"[0,500]",1.4870000000009895
file,exome,4650,1,"(4500,5000]",8.782999999999447
file,exome,3750,2,"(3500,4000]",4.439000000000306
file,genome,1500,16,"(1000,1500]",11.23700000000099
table,exome,2950,4,"(2500,3000]",16.740999999999985
file,genome,3650,16,"(3500,4000]",25.10699999999997
table,exome,2050,4,"(2000,2500]",11.917999999999665
file,genome,2800,4,"(2500,3000]",20.403000000000247
file,exome,1700,1,"(1500,2000]",2.974999999998545
table,exome,4750,4,"(4500,5000]",25.889999999999418
file,exome,1550,2,"(1500,2000]",2.0460000000002765
table,exome,4850,8,"(4500,5000]",22.264999999999418
file,genome,4500,1,"(4000,4500]",80.67599999999948
file,exome,3500,8,"(3000,3500]",2.42699999999968
file,exome,1300,8,"(1000,1500]",1.2530000000006112
file,exome,3100,1,"(3000,3500]",5.704999999999927
file,exome,4050,2,"(4000,4500]",4.6119999999991705
file,genome,750,16,"(500,1000]",5.576999999999316
file,genome,2950,4,"(2500,3000]",22.024999999999636
file,genome,2450,2,"(2000,2500]",25.26800000000003
file,exome,4550,1,"(4500,5000]",7.829999999999927
table,exome,3600,1,"(3500,4000]",48.3070000000007
table,exome,3100,2,"(3000,3500]",24.83300000000054
file,exome,1100,2,"(1000,1500]",1.5619999999998981
file,genome,650,16,"(500,1000]",5.211999999999534
file,genome,2300,16,"(2000,2500]",16.76599999999962
file,exome,1450,2,"(1000,1500]",1.7099999999991269
file,exome,2750,2,"(2500,3000]",3.0390000000006694
table,exome,250,2,"[0,500]",3.040999999999258
file,exome,2100,1,"(2000,2500]",2.936999999999898
file,genome,3250,8,"(3000,3500]",21.93499999999949
file,exome,2500,2,"(2000,2500]",2.9020000000000437
table,exome,850,4,"(500,1000]",5.309999999999491
table,exome,2050,8,"(2000,2500]",10.029000000000451
file,genome,3250,2,"(3000,3500]",33.0570000000007
table,exome,1250,4,"(1000,1500]",7.72400000000016
file,genome,3800,4,"(3500,4000]",25.979999999999563
file,exome,4750,16,"(4500,5000]",2.8590000000003783
file,exome,50,4,"[0,500]",0.26299999999901047
table,exome,1150,1,"(1000,1500]",18.594999999999345
file,exome,200,8,"[0,500]",0.5299999999988358
file,genome,2750,8,"(2500,3000]",20.162000000000262
file,genome,300,2,"[0,500]",3.7379999999993743
file,exome,3200,4,"(3000,3500]",2.809000000001106
table,exome,2150,4,"(2000,2500]",12.325000000000728
file,genome,2350,16,"(2000,2500]",16.738999999999578
file,genome,4300,2,"(4000,4500]",42.90399999999863
table,exome,900,16,"(500,1000]",4.71100000000115
file,genome,4300,16,"(4000,4500]",28.626000000000204
file,exome,350,4,"[0,500]",0.6340000000000146
file,genome,3800,2,"(3500,4000]",38.611000000000786
file,genome,4300,4,"(4000,4500]",29.149999999999636
file,genome,2950,16,"(2500,3000]",19.316000000000713
table,exome,4550,1,"(4500,5000]",58.59599999999955
file,genome,3100,1,"(3000,3500]",53.23399999999856
file,exome,700,16,"(500,1000]",0.952000000001135
table,exome,3250,1,"(3000,3500]",43.331999999998516
file,exome,4350,16,"(4000,4500]",2.654000000000451
file,genome,3250,16,"(3000,3500]",22.218000000000757
table,exome,3300,8,"(3000,3500]",16.02100000000064
file,exome,3600,4,"(3500,4000]",3.1569999999992433
file,genome,3300,16,"(3000,3500]",23.20800000000054
file,genome,3350,2,"(3000,3500]",33.51800000000003
file,exome,2150,1,"(2000,2500]",3.7770000000000437
file,exome,2300,16,"(2000,2500]",1.5889999999999418
table,exome,1100,1,"(1000,1500]",17.711999999999534
file,exome,2150,16,"(2000,2500]",1.6020000000007713
file,exome,2250,2,"(2000,2500]",2.6490000000012515
table,exome,3900,1,"(3500,4000]",53.33399999999892
table,exome,1050,4,"(1000,1500]",6.6010000000005675
file,genome,2050,4,"(2000,2500]",15.251000000000204
file,exome,2050,1,"(2000,2500]",3.225000000000364
file,exome,4200,2,"(4000,4500]",4.67699999999968
file,exome,2250,4,"(2000,2500]",1.9540000000015425
file,exome,3250,1,"(3000,3500]",5.405000000000655
table,exome,350,2,"[0,500]",4.063000000000102
file,exome,500,2,"[0,500]",0.8800000000010186
file,genome,4450,2,"(4000,4500]",46.28199999999924
table,exome,3500,16,"(3000,3500]",15.665999999999258
file,genome,2800,8,"(2500,3000]",17.617999999998574
file,genome,3900,8,"(3500,4000]",23.962999999999738
file,genome,5000,4,"(4500,5000]",32.759000000000015
file,genome,2300,2,"(2000,2500]",22.73999999999978
file,genome,5000,1,"(4500,5000]",80.62299999999959
file,exome,4200,8,"(4000,4500]",3.0970000000015716
file,genome,1700,2,"(1500,2000]",17.587000000001353
table,exome,4450,2,"(4000,4500]",35.35499999999956
file,genome,2850,4,"(2500,3000]",21.087000000001353
table,exome,3100,16,"(3000,3500]",14.447000000000116
file,exome,2950,2,"(2500,3000]",3.683999999999287
file,exome,3200,16,"(3000,3500]",2.268000000000029
file,exome,2400,4,"(2000,2500]",2.19800000000032
table,exome,3350,8,"(3000,3500]",15.54700000000048
file,genome,2200,1,"(2000,2500]",38.07899999999972
file,genome,450,1,"[0,500]",8.018000000000029
file,exome,150,1,"[0,500]",0.28800000000046566
file,genome,1650,4,"(1500,2000]",11.236000000000786
file,exome,1950,2,"(1500,2000]",2.5239999999994325
file,genome,1000,8,"(500,1000]",6.472999999999956
file,exome,300,2,"[0,500]",0.6489999999994325
file,genome,3050,1,"(3000,3500]",52.826999999999316
table,exome,4150,1,"(4000,4500]",58.05999999999949
table,exome,1200,4,"(1000,1500]",8.308999999999287
file,genome,1100,4,"(1000,1500]",8.441999999999098
file,genome,450,4,"[0,500]",4.040999999999258
file,genome,5000,8,"(4500,5000]",31.36499999999978
file,genome,2550,1,"(2500,3000]",40.54600000000028
table,exome,5000,4,"(4500,5000]",26.83599999999933
file,genome,4400,8,"(4000,4500]",28.725000000000364
file,exome,4900,16,"(4500,5000]",2.699000000000524
table,exome,3600,2,"(3500,4000]",29.534999999999854
file,exome,3450,4,"(3000,3500]",2.7809999999990396
table,exome,3850,4,"(3500,4000]",21.25
file,exome,3000,4,"(2500,3000]",2.859999999998763
table,exome,1400,4,"(1000,1500]",8.451999999999316
file,exome,3100,16,"(3000,3500]",2.378999999998996
table,exome,300,1,"[0,500]",5.718999999999141
file,genome,150,1,"[0,500]",2.436999999999898
file,genome,2900,8,"(2500,3000]",19.290000000000873
file,genome,3400,4,"(3000,3500]",22.712999999999738
table,exome,4250,16,"(4000,4500]",18.947000000000116
table,exome,1850,4,"(1500,2000]",10.790999999999258
table,exome,2200,8,"(2000,2500]",10.649999999999636
table,exome,2200,4,"(2000,2500]",12.6200000000008
file,genome,2650,16,"(2500,3000]",17.829999999999927
file,exome,4900,2,"(4500,5000]",5.510000000000218
file,exome,950,4,"(500,1000]",1.0850000000009459
file,exome,3150,4,"(3000,3500]",2.8140000000003056
file,exome,2350,8,"(2000,2500]",1.6520000000000437
file,genome,3850,2,"(3500,4000]",38.44000000000051
file,genome,4700,4,"(4500,5000]",30.72899999999936
table,exome,2500,4,"(2000,2500]",14.195999999999913
file,genome,4100,8,"(4000,4500]",24.966999999998734
file,exome,3950,16,"(3500,4000]",2.5210000000006403
file,exome,4150,16,"(4000,4500]",2.5199999999986176
file,genome,1200,1,"(1000,1500]",19.618999999998778
table,exome,1650,8,"(1500,2000]",8.346999999999753
file,exome,1650,16,"(1500,2000]",1.6270000000004075
table,exome,1450,1,"(1000,1500]",22.74200000000019
file,exome,550,4,"(500,1000]",0.7890000000006694
file,genome,3400,1,"(3000,3500]",57.33499999999913
file,genome,4550,1,"(4500,5000]",74.87900000000081
file,genome,1950,2,"(1500,2000]",18.290999999999258
table,exome,2400,2,"(2000,2500]",20.118999999998778
table,exome,1150,16,"(1000,1500]",5.9210000000002765
file,exome,4600,16,"(4500,5000]",3.111000000000786
table,exome,1500,16,"(1000,1500]",7.499000000001615
file,genome,3900,16,"(3500,4000]",24.631999999999607
file,genome,2400,2,"(2000,2500]",22.623999999999796
file,exome,4850,16,"(4500,5000]",2.863999999999578
file,genome,1350,1,"(1000,1500]",23.191999999999098
table,exome,3050,2,"(3000,3500]",25.770000000000437
file,exome,4250,4,"(4000,4500]",4.145000000000437
table,exome,1350,4,"(1000,1500]",8.511000000000422
table,exome,4300,8,"(4000,4500]",19.90599999999904
file,genome,4550,16,"(4500,5000]",28.466999999998734
file,genome,2800,1,"(2500,3000]",43.725000000000364
file,exome,1650,4,"(1500,2000]",1.6439999999984138
table,exome,100,4,"[0,500]",1.4179999999996653
file,genome,750,4,"(500,1000]",5.041000000001077
file,genome,1400,1,"(1000,1500]",22.895000000000437
file,genome,4750,1,"(4500,5000]",80.15600000000086
file,exome,3250,16,"(3000,3500]",2.122000000001208
table,exome,4650,2,"(4500,5000]",36.550999999999476
file,genome,2100,16,"(2000,2500]",13.894000000000233
file,exome,2150,2,"(2000,2500]",2.5680000000011205
file,exome,3400,4,"(3000,3500]",2.6890000000003056
table,exome,1700,2,"(1500,2000]",15.91400000000067
file,genome,1000,2,"(500,1000]",10.935999999999694
file,genome,1550,2,"(1500,2000]",15.998999999999796
file,exome,850,8,"(500,1000]",1.0820000000003347
file,genome,3600,1,"(3500,4000]",59.24800000000141
file,exome,900,1,"(500,1000]",1.6640000000006694
file,genome,4250,16,"(4000,4500]",25.552999999999884
file,exome,3550,1,"(3500,4000]",5.709999999999127
table,exome,4000,1,"(3500,4000]",54.67200000000048
file,genome,3350,16,"(3000,3500]",21.475000000000364
file,exome,4000,16,"(3500,4000]",3.0309999999990396
file,genome,4100,1,"(4000,4500]",64.59799999999996
table,exome,1400,2,"(1000,1500]",13.21900000000096
file,exome,250,8,"[0,500]",0.6939999999995052
table,exome,3300,4,"(3000,3500]",18.670000000000073
file,genome,400,8,"[0,500]",2.9570000000003347
table,exome,250,4,"[0,500]",2.2700000000004366
table,exome,2850,1,"(2500,3000]",39.95499999999993
file,exome,4900,8,"(4500,5000]",3.5639999999984866
file,exome,2550,8,"(2500,3000]",1.9130000000004657
file,genome,4850,8,"(4500,5000]",30.240999999999985
table,exome,200,2,"[0,500]",2.425999999999476
file,genome,4200,1,"(4000,4500]",67.28200000000106
table,exome,1300,1,"(1000,1500]",20.036999999998443
file,exome,3600,1,"(3500,4000]",6.156000000000859
file,exome,1500,4,"(1000,1500]",1.5239999999994325
file,exome,1200,16,"(1000,1500]",1.3990000000012515
file,exome,100,16,"[0,500]",0.8260000000009313
table,exome,2700,1,"(2500,3000]",38.09900000000016
file,genome,1750,1,"(1500,2000]",31.51000000000022
file,genome,3150,8,"(3000,3500]",19.322000000000116
file,exome,4650,2,"(4500,5000]",5.147000000000844
file,genome,4900,16,"(4500,5000]",30.54399999999987
table,exome,2300,8,"(2000,2500]",10.829999999999927
table,exome,2350,2,"(2000,2500]",19.402000000000044
table,exome,2650,16,"(2500,3000]",12.515999999999622
table,exome,1350,2,"(1000,1500]",11.972999999999956
table,exome,200,1,"[0,500]",3.7080000000005384
table,exome,1500,2,"(1000,1500]",13.478000000000975
table,exome,4400,4,"(4000,4500]",23.537999999998647
file,exome,250,16,"[0,500]",0.8670000000001892
file,genome,3450,1,"(3000,3500]",56.96399999999994
table,exome,1300,16,"(1000,1500]",6.744000000000597
file,genome,3550,8,"(3500,4000]",20.86700000000019
file,exome,2050,16,"(2000,2500]",1.7709999999988213
table,exome,850,2,"(500,1000]",8.820999999999913
file,genome,1450,4,"(1000,1500]",9.927999999999884
file,genome,350,4,"[0,500]",2.6419999999998254
file,genome,4800,2,"(4500,5000]",45.00200000000041
file,exome,1150,8,"(1000,1500]",1.2629999999990105
table,exome,3600,4,"(3500,4000]",19.79700000000048
file,exome,4850,2,"(4500,5000]",5.5680000000011205
file,genome,4450,16,"(4000,4500]",27.867999999998574
file,genome,1200,2,"(1000,1500]",11.506000000001222
table,exome,5000,8,"(4500,5000]",23.23199999999997
table,exome,3650,4,"(3500,4000]",20.052999999999884
file,genome,1800,1,"(1500,2000]",29.513999999999214
table,exome,4150,4,"(4000,4500]",22.880999999999403
file,genome,3950,1,"(3500,4000]",67.14700000000084
file,exome,4550,16,"(4500,5000]",2.7270000000007713
table,exome,3550,8,"(3500,4000]",16.497999999999593
table,exome,3700,16,"(3500,4000]",17.376000000000204
table,exome,2900,1,"(2500,3000]",42.00799999999981
table,exome,2250,1,"(2000,2500]",33.189000000000306
file,exome,3850,16,"(3500,4000]",2.8179999999993015
file,genome,1750,2,"(1500,2000]",17.435999999999694
table,exome,2750,4,"(2500,3000]",15.894000000000233
file,genome,4950,2,"(4500,5000]",45.8130000000001
file,genome,2950,2,"(2500,3000]",27.16399999999885
file,exome,2850,16,"(2500,3000]",1.683999999999287
file,genome,3450,16,"(3000,3500]",20.88500000000022
table,exome,2350,16,"(2000,2500]",10.963999999999942
file,exome,200,16,"[0,500]",0.9020000000000437
file,genome,1150,2,"(1000,1500]",11.389999999999418
file,genome,700,4,"(500,1000]",4.7630000000008295
table,exome,1150,8,"(1000,1500]",6.07799999999952
table,exome,750,4,"(500,1000]",4.994000000000597
file,exome,2900,2,"(2500,3000]",4.312999999998283
file,exome,4150,8,"(4000,4500]",2.8179999999993015
file,genome,3350,1,"(3000,3500]",53.86000000000058
file,exome,1350,1,"(1000,1500]",2.680000000000291
table,exome,1600,1,"(1500,2000]",25.343000000000757
table,exome,3050,16,"(3000,3500]",13.996999999999389
file,genome,4350,8,"(4000,4500]",25.80199999999968
file,exome,2200,4,"(2000,2500]",1.9919999999983702
file,genome,1300,2,"(1000,1500]",12
table,exome,1600,16,"(1500,2000]",7.906999999999243
file,genome,2850,16,"(2500,3000]",17.651999999998225
table,exome,900,1,"(500,1000]",14.653999999998632
table,exome,2700,8,"(2500,3000]",12.45799999999872
file,exome,450,2,"[0,500]",1.0210000000006403
file,genome,350,2,"[0,500]",3.8729999999995925
table,exome,3500,2,"(3000,3500]",28.61200000000099
table,exome,1700,8,"(1500,2000]",8.56199999999808
file,exome,4950,1,"(4500,5000]",9.282999999999447
table,exome,150,8,"[0,500]",1.481999999999971
file,genome,1700,8,"(1500,2000]",10.04399999999805
file,exome,4200,1,"(4000,4500]",7.56499999999869
file,exome,650,4,"(500,1000]",0.8869999999988067
table,exome,4500,8,"(4000,4500]",20.56000000000131
file,genome,3850,4,"(3500,4000]",25.246000000002823
file,genome,700,1,"(500,1000]",10.91899999999805
file,genome,2500,2,"(2000,2500]",22.206999999998516
table,exome,4550,16,"(4500,5000]",21.18000000000029
table,exome,1200,8,"(1000,1500]",6.305000000000291
table,exome,2650,1,"(2500,3000]",38.10499999999956
file,exome,4400,16,"(4000,4500]",3.040000000000873
file,genome,1800,4,"(1500,2000]",12.050999999999476
file,genome,950,2,"(500,1000]",9.442999999999302
file,genome,2500,1,"(2000,2500]",39.5679999999993
file,exome,4650,8,"(4500,5000]",2.9840000000003783
table,exome,4100,1,"(4000,4500]",54.04000000000087
file,genome,3800,16,"(3500,4000]",24.26800000000003
file,exome,2250,8,"(2000,2500]",1.7710000000006403
file,exome,850,2,"(500,1000]",1.3560000000034051
table,exome,450,2,"[0,500]",5.277999999998428
file,genome,2250,16,"(2000,2500]",13.852999999999156
file,exome,150,8,"[0,500]",0.6009999999987485
table,exome,1600,8,"(1500,2000]",7.649999999997817
file,genome,4750,4,"(4500,5000]",30.036999999996624
table,exome,550,16,"(500,1000]",3.379000000000815
table,exome,1250,1,"(1000,1500]",19.56199999999808
file,genome,4950,8,"(4500,5000]",28.936000000001513
table,exome,2150,16,"(2000,2500]",9.983000000000175
file,genome,4400,16,"(4000,4500]",25.13300000000163
table,exome,4250,1,"(4000,4500]",56.90899999999965
file,exome,1750,2,"(1500,2000]",2.2150000000001455
table,exome,200,4,"[0,500]",2.0209999999970023
file,genome,2650,4,"(2500,3000]",18.407999999999447
table,exome,2500,16,"(2000,2500]",11.744999999998981
table,exome,4100,8,"(4000,4500]",18.84299999999712
table,exome,800,8,"(500,1000]",4.415000000000873
table,exome,450,16,"[0,500]",2.798000000002503
file,genome,250,1,"[0,500]",3.800999999999476
table,exome,1200,1,"(1000,1500]",18.699000000000524
table,exome,3200,8,"(3000,3500]",14.78399999999965
file,genome,1550,1,"(1500,2000]",25.080999999998312
file,exome,3000,2,"(2500,3000]",3.8209999999999127
file,exome,3300,1,"(3000,3500]",6.195999999999913
file,genome,2200,16,"(2000,2500]",13.19800000000032
file,exome,200,2,"[0,500]",0.5120000000024447
file,genome,3100,16,"(3000,3500]",18.1820000000007
table,exome,1450,4,"(1000,1500]",8.953999999997905
file,genome,1400,8,"(1000,1500]",8.395000000000437
file,genome,900,8,"(500,1000]",5.0790000000015425
file,genome,3300,4,"(3000,3500]",20.095000000001164
file,genome,500,1,"[0,500]",7.483000000000175
file,exome,3300,16,"(3000,3500]",2.257999999997992
file,exome,450,8,"[0,500]",0.8189999999995052
table,exome,3950,2,"(3500,4000]",32.8080000000009
file,genome,1150,16,"(1000,1500]",7.759999999998399
file,genome,4650,4,"(4500,5000]",28.74499999999898
file,genome,900,1,"(500,1000]",13.924000000002707
table,exome,3350,4,"(3000,3500]",18.97200000000157
file,genome,4500,2,"(4000,4500]",40.25200000000041
table,exome,3750,1,"(3500,4000]",51.77100000000064
table,exome,5000,1,"(4500,5000]",64.88300000000163
file,genome,1300,4,"(1000,1500]",8.531999999999243
file,exome,3650,16,"(3500,4000]",2.2849999999998545
file,exome,4950,2,"(4500,5000]",5.806000000000495
file,genome,600,8,"(500,1000]",4.13300000000163
table,exome,1450,16,"(1000,1500]",7.5
file,exome,3500,1,"(3000,3500]",6.47700000000259
table,exome,1050,1,"(1000,1500]",16.53099999999904
file,exome,2200,1,"(2000,2500]",4.213999999999942
file,exome,2100,16,"(2000,2500]",1.8209999999999127
file,genome,4150,8,"(4000,4500]",25.169000000001688
table,exome,3450,1,"(3000,3500]",46.32599999999729
file,genome,2550,4,"(2500,3000]",15.061000000001513
file,exome,2750,1,"(2500,3000]",4.78099999999904
table,exome,3100,4,"(3000,3500]",16.949000000000524
table,exome,1050,8,"(1000,1500]",6.041999999997643
file,exome,4100,4,"(4000,4500]",3.6039999999993597
table,exome,350,1,"[0,500]",5.980999999999767
table,exome,3250,16,"(3000,3500]",14.555999999996857
table,exome,1200,16,"(1000,1500]",6.190999999998894
table,exome,1700,1,"(1500,2000]",27.205000000001746
file,exome,1150,16,"(1000,1500]",1.393000000000029
table,exome,3350,1,"(3000,3500]",43.51499999999942
file,genome,1050,16,"(1000,1500]",7.038000000000466
table,exome,4550,4,"(4500,5000]",24.84899999999834
table,exome,4200,4,"(4000,4500]",23.21600000000035
table,exome,4050,1,"(4000,4500]",53.875999999996566
table,exome,4500,2,"(4000,4500]",35.48500000000058
table,exome,600,1,"(500,1000]",11.133999999998196
table,exome,1900,1,"(1500,2000]",27.829000000001543
file,genome,4850,16,"(4500,5000]",29.65899999999965
file,genome,1150,8,"(1000,1500]",6.628000000000611
table,exome,2750,1,"(2500,3000]",38.422999999998865
file,exome,2550,1,"(2500,3000]",4.906999999999243
table,exome,4750,16,"(4500,5000]",21.885000000002037
file,genome,3000,16,"(2500,3000]",17.36999999999898
file,exome,2000,16,"(1500,2000]",1.7410000000018044
table,exome,3200,2,"(3000,3500]",26.937000000001717
file,genome,250,4,"[0,500]",2.1849999999976717
file,exome,800,1,"(500,1000]",1.025999999998021
table,exome,2900,2,"(2500,3000]",24.430999999996857
file,exome,2500,1,"(2000,2500]",5.086999999999534
file,genome,250,16,"[0,500]",2.242999999998574
table,exome,550,2,"(500,1000]",5.765999999999622
file,exome,4200,4,"(4000,4500]",4.338999999999942
file,exome,500,16,"[0,500]",0.95600000000195
table,exome,350,4,"[0,500]",2.5210000000006403
table,exome,2000,16,"(1500,2000]",9.468000000000757
file,genome,2100,8,"(2000,2500]",12.171999999998661
file,genome,3150,16,"(3000,3500]",17.445999999999913
file,genome,4200,2,"(4000,4500]",37.12100000000282
file,genome,150,8,"[0,500]",1.3389999999999418
file,exome,2400,16,"(2000,2500]",1.867999999998574
file,exome,1050,16,"(1000,1500]",1.4549999999981083
table,exome,4050,16,"(4000,4500]",18.13000000000102
file,exome,450,4,"[0,500]",0.7789999999986321
file,genome,2050,16,"(2000,2500]",12.20799999999872
file,genome,3200,16,"(3000,3500]",18.131000000001222
file,genome,400,16,"[0,500]",3.004000000000815
file,genome,3950,16,"(3500,4000]",23.05999999999767
file,exome,3400,2,"(3000,3500]",4.699000000000524
table,exome,1650,16,"(1500,2000]",8.651000000001659
file,genome,4500,4,"(4000,4500]",25.79500000000189
table,exome,2400,4,"(2000,2500]",13.558999999997468
table,exome,1950,4,"(1500,2000]",11.319999999999709
file,genome,2600,1,"(2500,3000]",41.5679999999993
file,exome,4600,1,"(4500,5000]",8.385999999998603
file,genome,2650,1,"(2500,3000]",37.49499999999898
table,exome,2600,16,"(2500,3000]",11.986000000000786
file,exome,4650,16,"(4500,5000]",3.2160000000003492
file,exome,400,2,"[0,500]",0.739000000001397
file,exome,2850,8,"(2500,3000]",2.5869999999995343
file,genome,3950,4,"(3500,4000]",23.207000000002154
file,exome,2150,8,"(2000,2500]",1.7190000000009604
table,exome,2400,8,"(2000,2500]",11.252999999996973
file,genome,400,1,"[0,500]",5.5239999999976135
file,exome,2050,2,"(2000,2500]",2.5020000000004075
file,genome,150,16,"[0,500]",1.5689999999995052
table,exome,3900,16,"(3500,4000]",17.681000000000495
file,genome,1550,16,"(1500,2000]",9.307999999997264
file,genome,1600,16,"(1500,2000]",9.20600000000195
table,exome,4250,4,"(4000,4500]",23.175999999999476
file,exome,4500,1,"(4000,4500]",8.68199999999706
file,exome,1550,8,"(1500,2000]",1.4860000000007858
file,exome,650,16,"(500,1000]",1.2069999999985157
file,exome,2700,16,"(2500,3000]",2.1599999999998545
table,exome,4900,1,"(4500,5000]",64.78900000000067
file,genome,3300,8,"(3000,3500]",19.751000000000204
table,exome,2750,2,"(2500,3000]",23.54699999999866
file,genome,3000,1,"(2500,3000]",45.67699999999968
file,exome,4450,8,"(4000,4500]",3.122000000003027
file,exome,1000,8,"(500,1000]",1.2359999999971478
file,exome,1600,16,"(1500,2000]",1.705999999998312
table,exome,2850,4,"(2500,3000]",15.934000000001106
table,exome,1600,4,"(1500,2000]",9.849999999998545
file,exome,3350,1,"(3000,3500]",6.094999999997526
file,genome,2750,16,"(2500,3000]",15.871999999999389
table,exome,150,1,"[0,500]",2.6860000000015134
file,exome,800,16,"(500,1000]",1.2510000000002037
table,exome,1950,1,"(1500,2000]",29.86999999999898
file,exome,950,2,"(500,1000]",1.4710000000013679
file,genome,1350,4,"(1000,1500]",9.562000000001717
file,genome,3700,4,"(3500,4000]",22.873999999999796
file,genome,950,4,"(500,1000]",5.768000000000029
table,exome,1100,16,"(1000,1500]",5.710999999999331
table,exome,2700,2,"(2500,3000]",23.007000000001426
file,exome,3150,1,"(3000,3500]",5.652000000001863
file,genome,750,1,"(500,1000]",12.181000000000495
table,exome,2950,2,"(2500,3000]",23.986000000000786
file,genome,50,8,"[0,500]",0.9069999999992433
table,exome,950,4,"(500,1000]",6.375
file,exome,1200,4,"(1000,1500]",1.4219999999986612
table,exome,2000,1,"(1500,2000]",30.919000000001688
file,genome,4400,2,"(4000,4500]",39.24500000000262
table,exome,4150,16,"(4000,4500]",19.00500000000102
table,exome,3550,2,"(3500,4000]",29.661000000000058
file,genome,3950,2,"(3500,4000]",35.21700000000055
file,exome,2800,1,"(2500,3000]",4.879000000000815
file,genome,3250,1,"(3000,3500]",44.9330000000009
file,exome,4600,8,"(4500,5000]",3.128000000000611
file,genome,2400,16,"(2000,2500]",13.827000000001135
file,genome,4500,16,"(4000,4500]",24.166000000001077
table,exome,1650,4,"(1500,2000]",9.868000000002212
file,genome,2250,8,"(2000,2500]",12.277000000001863
file,genome,900,2,"(500,1000]",7.420000000001892
file,exome,4600,4,"(4500,5000]",4.016999999999825
file,exome,3750,8,"(3500,4000]",2.6939999999995052
file,genome,3550,1,"(3500,4000]",54.36999999999898
file,exome,650,2,"(500,1000]",1.1820000000006985
file,exome,1250,8,"(1000,1500]",1.2910000000010768
file,genome,3950,8,"(3500,4000]",21.195999999999913
file,exome,2150,4,"(2000,2500]",2.019000000000233
file,exome,1000,1,"(500,1000]",1.6159999999981665
file,exome,2900,16,"(2500,3000]",2.0689999999995052
table,exome,3850,8,"(3500,4000]",17.560999999997875
table,exome,3150,4,"(3000,3500]",17.514999999999418
file,genome,300,16,"[0,500]",2.8150000000023283
file,genome,4650,2,"(4500,5000]",42.22599999999875
table,exome,2200,2,"(2000,2500]",19.290000000000873
table,exome,550,8,"(500,1000]",3.3359999999993306
table,exome,1500,1,"(1000,1500]",23.213999999999942
file,genome,2750,1,"(2500,3000]",40.64799999999741
file,exome,1100,4,"(1000,1500]",1.2299999999995634
table,exome,3500,1,"(3000,3500]",49.95600000000195
file,genome,3100,4,"(3000,3500]",17.560999999997875
file,exome,2600,8,"(2500,3000]",1.8060000000004948
file,exome,100,1,"[0,500]",0.17699999999967986
table,exome,3000,16,"(2500,3000]",13.911000000000058
file,exome,1550,16,"(1500,2000]",1.5889999999999418
file,genome,1350,2,"(1000,1500]",12.385000000002037
file,exome,1800,16,"(1500,2000]",1.6569999999992433
table,exome,1800,8,"(1500,2000]",8.907000000002881
file,genome,1750,4,"(1500,2000]",10.43500000000131
table,exome,1200,2,"(1000,1500]",10.985999999997148
table,exome,1400,16,"(1000,1500]",6.9979999999995925
file,genome,4400,4,"(4000,4500]",25.15099999999802
file,exome,4250,2,"(4000,4500]",5.005000000001019
file,exome,850,16,"(500,1000]",1.3220000000001164
table,exome,1150,4,"(1000,1500]",7.1820000000006985
file,exome,1150,4,"(1000,1500]",1.440999999998894
table,exome,2250,16,"(2000,2500]",10.531999999999243
file,genome,3450,2,"(3000,3500]",31.398999999997613
file,exome,1100,8,"(1000,1500]",1.1039999999993597
file,exome,3700,4,"(3500,4000]",3.381999999997788
table,exome,2700,4,"(2500,3000]",15.425999999999476
file,genome,3300,2,"(3000,3500]",28.42399999999907
table,exome,2800,2,"(2500,3000]",23.404999999998836
table,exome,3650,16,"(3500,4000]",16.50300000000061
file,exome,1750,8,"(1500,2000]",1.5119999999988067
table,exome,2250,2,"(2000,2500]",19.579000000001543
file,genome,3600,4,"(3500,4000]",20.661000000000058
file,exome,1600,4,"(1500,2000]",1.643000000000029
file,exome,100,8,"[0,500]",0.5679999999993015
file,genome,4050,4,"(4000,4500]",23.949000000000524
table,exome,600,4,"(500,1000]",4.0020000000004075
file,exome,3600,2,"(3500,4000]",4.113000000001193
table,exome,800,4,"(500,1000]",5.389000000002852
file,genome,1500,1,"(1000,1500]",22.80199999999968
table,exome,4950,16,"(4500,5000]",22.475000000002183
file,genome,1250,8,"(1000,1500]",6.64799999999741
file,genome,3100,2,"(3000,3500]",26.166000000001077
file,exome,3650,1,"(3500,4000]",6.3879999999990105
file,exome,4900,4,"(4500,5000]",3.9459999999999127
table,exome,2300,2,"(2000,2500]",20.04699999999866
file,exome,350,16,"[0,500]",1.0050000000010186
file,exome,1450,16,"(1000,1500]",1.5319999999992433
file,exome,1450,8,"(1000,1500]",1.4639999999999418
file,exome,2850,2,"(2500,3000]",4.39799999999741
file,exome,3350,4,"(3000,3500]",3.180000000000291
table,exome,3300,16,"(3000,3500]",14.97899999999936
file,genome,3400,2,"(3000,3500]",28.800999999999476
file,exome,3900,8,"(3500,4000]",2.6270000000004075
file,genome,2950,8,"(2500,3000]",15.34400000000096
file,exome,3500,16,"(3000,3500]",2.3430000000007567
file,genome,3800,1,"(3500,4000]",53.52000000000044
table,exome,3050,4,"(3000,3500]",17.514999999999418
table,exome,100,8,"[0,500]",1.4069999999992433
file,exome,450,16,"[0,500]",1.059000000001106
file,genome,4700,1,"(4500,5000]",64.78499999999985
table,exome,1500,4,"(1000,1500]",9.34100000000035
file,exome,4350,8,"(4000,4500]",3
table,exome,1800,1,"(1500,2000]",27.56499999999869
file,genome,900,4,"(500,1000]",5.67699999999968
table,exome,100,2,"[0,500]",1.7789999999986321
file,genome,2200,8,"(2000,2500]",12.948999999996886
file,genome,1000,4,"(500,1000]",6.348000000001775
file,genome,4100,16,"(4000,4500]",21.479000000002998
file,exome,2100,8,"(2000,2500]",1.7309999999997672
file,exome,4300,1,"(4000,4500]",6.298999999999069
file,exome,2650,16,"(2500,3000]",1.8029999999998836
table,exome,2550,1,"(2500,3000]",37.27400000000125
file,genome,1450,8,"(1000,1500]",8.638999999999214
table,exome,700,1,"(500,1000]",11.61200000000099
file,exome,2600,4,"(2500,3000]",2.3509999999987485
file,exome,1400,1,"(1000,1500]",2.1739999999990687
file,exome,2650,2,"(2500,3000]",2.9650000000001455
table,exome,3800,4,"(3500,4000]",20.75800000000163
table,exome,950,1,"(500,1000]",16.422999999998865
table,exome,250,16,"[0,500]",2.036000000000058
table,exome,2850,2,"(2500,3000]",23.5199999999968
file,genome,1900,16,"(1500,2000]",10.346000000001368
file,exome,1950,1,"(1500,2000]",3.245999999999185
table,exome,4200,2,"(4000,4500]",34.00500000000102
table,exome,4000,16,"(3500,4000]",18.461999999999534
file,genome,4800,4,"(4500,5000]",27.490999999998166
file,genome,3400,16,"(3000,3500]",16.77600000000166
file,genome,3550,2,"(3500,4000]",29.358000000000175
table,exome,1750,16,"(1500,2000]",8.797999999998865
table,exome,650,8,"(500,1000]",3.8539999999993597
file,genome,100,4,"[0,500]",0.8780000000006112
table,exome,1700,4,"(1500,2000]",10.315000000002328
table,exome,2150,1,"(2000,2500]",32.012000000002445
file,exome,4300,2,"(4000,4500]",6.186999999998079
file,genome,1000,1,"(500,1000]",13.851999999998952
file,genome,2200,2,"(2000,2500]",18.740999999998166
file,genome,300,8,"[0,500]",2.388999999999214
table,exome,150,16,"[0,500]",1.8610000000007858
file,exome,750,2,"(500,1000]",1.2849999999998545
file,genome,800,2,"(500,1000]",6.941000000002532
table,exome,2350,1,"(2000,2500]",33.62299999999959
file,genome,3300,1,"(3000,3500]",46.42399999999907
file,genome,1050,8,"(1000,1500]",5.542999999997846
table,exome,2600,8,"(2500,3000]",12.230999999999767
table,exome,1800,2,"(1500,2000]",15.729999999999563
file,genome,4650,1,"(4500,5000]",64.64900000000125
file,genome,3700,16,"(3500,4000]",18.62800000000061
file,genome,3600,8,"(3500,4000]",18.072999999996682
file,genome,2800,2,"(2500,3000]",22.9429999999993
file,genome,2250,4,"(2000,2500]",12.467000000000553
file,exome,4150,4,"(4000,4500]",3.1379999999990105
file,genome,2450,4,"(2000,2500]",14.034999999999854
table,exome,550,1,"(500,1000]",9.218000000000757
table,exome,3650,1,"(3500,4000]",50.67399999999907
file,exome,500,8,"[0,500]",0.8810000000012224
file,genome,1800,8,"(1500,2000]",10.06199999999808
table,exome,3800,1,"(3500,4000]",52.16900000000169
file,genome,3750,8,"(3500,4000]",20.027000000001863
file,exome,3200,1,"(3000,3500]",4.6929999999993015
table,exome,3900,2,"(3500,4000]",31.348000000001775
file,exome,2700,1,"(2500,3000]",4.563000000001921
file,genome,4250,4,"(4000,4500]",24.907999999999447
file,exome,3650,4,"(3500,4000]",3.106999999999971
file,exome,1700,4,"(1500,2000]",1.5999999999985448
file,genome,4850,2,"(4500,5000]",38.57900000000154
table,exome,2300,16,"(2000,2500]",11.023000000001048
table,exome,4700,1,"(4500,5000]",62.098000000001775
file,genome,4100,4,"(4000,4500]",23.911000000000058
file,genome,2600,2,"(2500,3000]",21.272000000000844
table,exome,4150,2,"(4000,4500]",33.33899999999994
file,genome,3700,1,"(3500,4000]",52.62299999999959
file,genome,2350,8,"(2000,2500]",12.593999999997322
file,exome,2350,1,"(2000,2500]",3.9870000000009895
table,exome,250,1,"[0,500]",4.172999999998865
file,exome,3850,2,"(3500,4000]",4.316999999999098
table,exome,500,8,"[0,500]",2.9139999999970314
table,exome,3000,1,"(2500,3000]",41.9230000000025
file,genome,1400,2,"(1000,1500]",11.620999999999185
file,genome,2800,16,"(2500,3000]",15.318999999999505
file,exome,150,2,"[0,500]",0.45200000000113505
file,exome,3850,1,"(3500,4000]",6.994999999998981
file,genome,4700,8,"(4500,5000]",23.282999999999447
file,genome,3600,16,"(3500,4000]",18.366000000001804
table,exome,3150,1,"(3000,3500]",43.01299999999901
file,genome,4850,4,"(4500,5000]",26.528000000002066
table,exome,5000,2,"(4500,5000]",39.543000000001484
file,exome,3150,8,"(3000,3500]",2.477999999999156
table,exome,750,2,"(500,1000]",8.086999999999534
file,genome,900,16,"(500,1000]",5.276999999998225
table,exome,2650,2,"(2500,3000]",22.38000000000102
table,exome,2900,8,"(2500,3000]",13.650999999998021
table,exome,1450,8,"(1000,1500]",7.140999999999622
table,exome,3050,1,"(3000,3500]",41.89099999999962
file,exome,1500,2,"(1000,1500]",1.9939999999987776
file,exome,4050,16,"(4000,4500]",2.82300000000032
file,exome,3800,1,"(3500,4000]",5.699000000000524
file,exome,950,1,"(500,1000]",1.4330000000009022
file,genome,150,2,"[0,500]",1.6049999999995634
file,genome,4000,16,"(3500,4000]",22.340000000000146
file,exome,1050,8,"(1000,1500]",1.231999999999971
file,genome,4750,2,"(4500,5000]",36.95599999999831
table,exome,1100,8,"(1000,1500]",5.812000000001717
table,exome,2800,16,"(2500,3000]",12.670000000001892
file,genome,1600,8,"(1500,2000]",8.211999999999534
table,exome,1900,2,"(1500,2000]",17.269000000000233
table,exome,3700,4,"(3500,4000]",20.562999999998283
table,exome,1350,16,"(1000,1500]",7.315999999998894
file,exome,1900,2,"(1500,2000]",2.6270000000004075
file,genome,1250,4,"(1000,1500]",7.288000000000466
file,exome,4100,8,"(4000,4500]",3.2330000000001746
file,exome,2850,4,"(2500,3000]",2.838999999999942
file,genome,2050,1,"(2000,2500]",26.727999999999156
file,genome,1050,2,"(1000,1500]",8.268000000000029
file,genome,3500,2,"(3000,3500]",28.16400000000067
file,exome,750,16,"(500,1000]",1.1500000000014552
file,genome,250,8,"[0,500]",1.8319999999985157
table,exome,4850,1,"(4500,5000]",62.69499999999971
table,exome,4200,8,"(4000,4500]",19.684000000001106
table,exome,1800,16,"(1500,2000]",8.80199999999968
file,genome,500,2,"[0,500]",4.3770000000004075
file,exome,3400,1,"(3000,3500]",5.327999999997701
table,exome,4850,4,"(4500,5000]",26.120999999999185
file,exome,3000,16,"(2500,3000]",2.3329999999987194
table,exome,4600,16,"(4500,5000]",21.507000000001426
file,exome,4300,8,"(4000,4500]",3.355999999999767
table,exome,3150,2,"(3000,3500]",26.3179999999993
file,genome,3750,16,"(3500,4000]",19.647000000000844
file,genome,2400,8,"(2000,2500]",11.524000000001251
file,genome,1850,4,"(1500,2000]",9.459999999999127
file,genome,4250,1,"(4000,4500]",55.8070000000007
file,genome,1450,2,"(1000,1500]",11.33299999999872
file,genome,100,16,"[0,500]",1.58100000000195
file,exome,4450,2,"(4000,4500]",5.1049999999995634
file,genome,950,16,"(500,1000]",5.474000000001979
table,exome,650,16,"(500,1000]",4
file,genome,2000,8,"(1500,2000]",10.247999999999593
file,genome,300,1,"[0,500]",4.126000000000204
file,genome,1650,2,"(1500,2000]",12.41899999999805
file,exome,1450,4,"(1000,1500]",1.4320000000006985
file,exome,1150,1,"(1000,1500]",1.724000000001979
file,genome,4950,4,"(4500,5000]",25.572000000000116
file,genome,2850,1,"(2500,3000]",36.248999999999796
file,exome,1050,2,"(1000,1500]",1.5620000000017171
file,exome,1100,1,"(1000,1500]",1.739000000001397
file,genome,4150,1,"(4000,4500]",51.57900000000154
file,genome,4550,8,"(4500,5000]",21.204000000001543
file,exome,1600,1,"(1500,2000]",2.2700000000004366
file,genome,3500,8,"(3000,3500]",15.984000000000378
file,exome,4700,2,"(4500,5000]",5.152999999998428
table,exome,1700,16,"(1500,2000]",8.316999999999098
file,exome,3050,8,"(3000,3500]",2.1350000000020373
table,exome,4950,4,"(4500,5000]",26.20799999999872
table,exome,5000,16,"(4500,5000]",23.20100000000093
file,exome,900,2,"(500,1000]",1.3220000000001164
file,exome,2900,1,"(2500,3000]",4.740000000001601
table,exome,1500,8,"(1000,1500]",7.818999999999505
file,genome,4600,16,"(4500,5000]",22.07600000000093
table,exome,1350,8,"(1000,1500]",6.770000000000437
file,exome,3250,8,"(3000,3500]",2.3180000000029395
table,exome,3100,1,"(3000,3500]",44.29899999999907
file,exome,2250,1,"(2000,2500]",3.834000000002561
table,exome,4900,4,"(4500,5000]",26.455999999998312
table,exome,2150,2,"(2000,2500]",19.830000000001746
file,genome,4150,2,"(4000,4500]",33.61200000000099
table,exome,4400,16,"(4000,4500]",20.186000000001513
file,exome,800,2,"(500,1000]",1.3339999999989232
file,genome,4600,8,"(4500,5000]",21.498999999999796
file,exome,1200,1,"(1000,1500]",2.1309999999975844
file,exome,2700,8,"(2500,3000]",2.050999999999476
file,genome,4800,16,"(4500,5000]",22.226999999998952
table,exome,500,2,"[0,500]",5.565000000002328
file,genome,200,16,"[0,500]",1.859999999996944
file,exome,1250,1,"(1000,1500]",1.9389999999984866
table,exome,2050,2,"(2000,2500]",17.45799999999872
file,exome,1500,16,"(1000,1500]",1.5349999999998545
file,genome,300,4,"[0,500]",2.180000000000291
table,exome,1750,4,"(1500,2000]",10.378000000000611
file,genome,3200,4,"(3000,3500]",19.05699999999706
table,exome,4900,16,"(4500,5000]",22.197000000000116
file,exome,150,16,"[0,500]",0.933999999997468
table,exome,4750,2,"(4500,5000]",38.1720000000023
file,genome,4150,4,"(4000,4500]",21.81500000000233
table,exome,4250,2,"(4000,4500]",33.720000000001164
table,exome,1550,1,"(1500,2000]",23.581999999998516
file,genome,1400,4,"(1000,1500]",7.69800000000032
file,exome,3900,4,"(3500,4000]",3.175999999999476
file,exome,3700,8,"(3500,4000]",2.49199999999837
table,exome,2900,4,"(2500,3000]",16.427999999999884
file,genome,550,4,"(500,1000]",3.5319999999992433
file,genome,1500,2,"(1000,1500]",12.679999999996653
file,genome,2850,8,"(2500,3000]",14.3650000000016
file,genome,1550,8,"(1500,2000]",7.6120000000009895
file,genome,350,16,"[0,500]",2.316999999999098
file,genome,1650,8,"(1500,2000]",7.659000000003289
file,genome,2300,1,"(2000,2500]",29.367999999998574
file,exome,4400,2,"(4000,4500]",4.4979999999995925
file,exome,1850,4,"(1500,2000]",1.7999999999992724
table,exome,850,8,"(500,1000]",4.623999999999796
file,exome,600,2,"(500,1000]",1.1040000000029977
file,exome,4050,1,"(4000,4500]",7.651000000001659
file,exome,2650,1,"(2500,3000]",4.109000000000378
file,exome,50,16,"[0,500]",0.863999999997759
file,genome,1950,1,"(1500,2000]",25.39799999999741
table,exome,2600,4,"(2500,3000]",14.453000000001339
file,genome,1750,8,"(1500,2000]",9.04200000000128
file,genome,650,8,"(500,1000]",3.683000000000902
file,exome,3400,16,"(3000,3500]",2.368000000002212
file,exome,3950,2,"(3500,4000]",4.513999999999214
file,exome,2900,8,"(2500,3000]",2.083999999998923
file,genome,4650,8,"(4500,5000]",21.419000000001688
file,genome,2150,4,"(2000,2500]",10.744000000002416
table,exome,4950,2,"(4500,5000]",38.95100000000093
table,exome,4900,2,"(4500,5000]",38.73899999999776
file,exome,4350,1,"(4000,4500]",8.084999999999127
file,exome,4550,4,"(4500,5000]",3.970000000001164
file,exome,3550,8,"(3500,4000]",2.507999999997992
file,genome,1650,16,"(1500,2000]",8.328999999997905
file,genome,4050,16,"(4000,4500]",20.195999999999913
file,exome,3600,8,"(3500,4000]",2.2380000000011933
table,exome,4850,2,"(4500,5000]",38.77300000000105
table,exome,2200,1,"(2000,2500]",33.111000000000786
